Model,Split,MAE,RMSE,R2
Persistence,val,13.207651532611202,24.863021835755497,0.935719196113838
Persistence,test,11.959011661470962,22.136457386885123,0.9439790683721084
Seasonal Naive (24h),val,75.93834985019589,109.97241320568787,-0.2575955356119135
Seasonal Naive (24h),test,67.6714005311165,99.50224230867589,-0.13187853256224247
Seasonal Naive (level-adj.),val,19.240493201198433,32.71577721558827,0.8887018460883495
Seasonal Naive (level-adj.),test,16.992610553053918,28.36147939461379,0.908041506233857
Seasonal Drift (fitted),val,13.224484482047416,24.87427388629019,0.9356610008932109
Seasonal Drift (fitted),test,11.955210625719882,22.121759212629684,0.9440534372774935
XGBoost,val,13.566641352038747,28.57785250224029,0.9150755667287725
XGBoost,test,12.131104987483283,23.114100481005867,0.9389215396006352
